place	count
West Bank	160
Dura	2
Hebron	10
Tulkarem	2
Gaza Strip	156
Israel	1594
Nablus	5
Red Sea	250
United States	160
United Kingdom	43
Yemen	182
Iran	206
Gaza	1605
US	717
Sanaa	15
Saudi Arabia	39
Aden	3
Tel Aviv	49
UK	95
Palestine	124
Suez Canal	26
Africa	29
Marib	3
Middle East	102
United Arab Emirates	14
Turkey	25
Jordan	42
Qatar	64
UAE	7
Charleston	1
South Carolina	4
Gaza City	31
Doha	19
Hong Kong	2
Abdullah bin Khalifa Stadium	1
South Africa	200
State of Palestine	1
Lebanon	175
Hague	39
Pretoria	8
Uganda	11
China	28
Russia	43
Kuwait	2
Gazas	19
Ukraine	47
Canada	42
Montreal	1
Milton Ontario	1
Jabalia	11
Israels	31
Ottawa	3
Egypt	43
Rafah	40
Toronto	1
Calgary	1
Afghanistan	7
Austria	3
Australia	12
Finland	3
Germany	31
Italy	10
Japan	9
Netherlands	14
Iceland	1
Sweden	3
Switzerland	9
Romania	4
Washington DC	7
Jerusalem	26
Gretna	2
Louisiana	3
New Orleans	5
Highway 60	3
MirandaCleland	1
East Jerusalem	23
Scotland	2
Ireland	3
Norway	11
October7	2
Syria	83
Jenin	19
Beit Iksa	1
Ramallah	24
Abwein	1
Qalqilya	2
Jericho	1
Yemens	6
Bahrain	11
Denmark	3
New Zealand	2
South Korea	1
Spain	7
France	13
Belgium	15
Czech Republic	1
Hungary	1
Berlin	5
Paris	8
Slovenia	1
Brussels	5
carogennez	1
Belgiums	1
Flanders	1
Wallonia	1
Ein alHilweh	1
Basel	3
Ofer	1
Jordan Valley	5
Area C	6
Kadris	1
alJiftlik	1
Farsiya	1
Makhoul	1
Tubas	1
Umm Zuka	1
Areas A	1
Beirut	84
Washington	60
Kerman	6
Islamic Republic	5
Nur Shams	1
Naqoura	2
Deir elBalah	15
Nuseirat	11
DC	14
America	4
Strip	15
West	24
Tel Avivs	3
London	17
Tel Israels	1
South Africas	8
Myanmar	6
Kuala Lumpur	4
Malaysia	8
Indonesias	1
Jakarta	2
Johannesburg	4
Vienna	1
Amman	6
Bank Junction	1
Manchester	1
India	50
Hyderabad	1
Colombos Kollupitiya	1
Farhana	1
Khan Younis	24
Abudaqa	2
Dahiyeh	6
Beiruts Shatila	1
Earth	1
Lama Khater	1
Kiryat Arba	2
Hasharon Prison	1
Damon Prison	1
Ofer Prison	1
Britain	14
Republic of Yemen	1
Hodeidah	5
Saada	3
Taiz	2
Hajjah	2
Europe	30
Asia	18
Sudan	3
Iraq	62
Syrias Aleppo	1
Mariupol	1
Dublin	3
Moscow	4
Global South	2
Beiruts	3
Hezbollahs	1
Arura	2
Deir Qaddis	1
El Arish	3
Hostage Square	2
Hamass	6
Aizawl	6
Manipur	8
Kangpokpi	1
Mizoram	7
Mizorams	1
Kingdom of Judah	1
Anu Museum	1
Bnei Menashe	3
Kolasib	1
Bethlehem	4
Nairoukh	1
Shawawra	1
Tehran	25
X
Spain	1
Madrid	1
Oman	1
Gulf	10
White House	6
Bani Suheila	2
alFukhari	2
Damascus	17
alAssad Airbase	3
Baghdad	8
Near East	3
Serbia	3
BosniaHerzegovina	1
Srebrenica	1
Algeria	7
Frances	1
State of Israel	7
Gazas Deir elBalah	3
Egypts El Arish International Airport	1
MoTaz	1
azaizamotaz9	1
Yugoslavia	2
Ocean Jazz	1
Gulf of Aden	27
Philippines	4
Bab elMandeb	2
Cape of Good Hope	12
Pakistan	24
Erbil	13
Pakistans Balochistan province	2
Irans SistanBaluchestan province	2
Irans	3
Rask	1
SistanBaluchestan	1
Strait of Hormuz	3
Persian Gulf	1
Davos	7
Balochistan	1
Netanyahus	7
Supernova	1
Houthis	3
BabelMandeb Strait	1
Dhamar	1
alBayda	1
Arabian Sea	6
Bab alMandeb Strait	9
Khan Younis Training Centre	2
alKarama	1
Beruit	1
Lebanons	3
United Nations	1
Yemens coast	2
Maghazi	5
Manchester City	1
Barcelona	1
Chile	4
Mexico	5
Chiles	1
Santiago	1
Bangladesh	2
Bolivia	4
Comoros	2
Djibouti	4
Kaplan Square	1
Haifa	8
Caesarea	2
Kefar Sava	1
Rehovot	1
Beersheba	1
AlAmal Hospital	3
Khan Yunis	1
Nasser Hospital	10
Mawasi	1
Dearborn	12
Michigan	12
Chicago	2
New Delhi	6
Indias Basmati	1
North America	2
North Africa	5
AlAqsa Martyrs Hospital	4
alShifa	2
Welchs	1
Kampala	5
Ugandas	1
Indonesia	2
Peru	1
Colombia	1
South Sudan	1
Swaziland	1
Lisbon	1
Portugal	3
Meron	2
Kiryat Shmona	1
Blue Line	1
Singapore	2
Mediterranean	11
Indian Ocean	2
Bahaa elDin Abu Ras	1
Bahaas	1
Abdullah Azzam Mosque	1
Marshall Islands	1
Morocco	13
Rabat	3
Western Sahara	4
Marrakesh	1
Moroccos	1
Maghreb	1
alWalaja	5
Gilo	1
Har Gilo	1
Education City Stadium	1
Al Rayyan	1
Qatars	1
Salah alDin Street	3
Wadi Gaza	3
Bosnia	3
Sri Lanka	2
Republic of South Africa	1
AlAqsa Mosque	1
PA	1
Oslo	2
Cairo	6
New York	4
Belarus	1
Ebel elSaqi	1
Entebbe Uganda	1
Sierra Leone	1
DRC	1
adoniaayebare	1
Namibia	10
Shadis	1
Khreiss	1
Northern Gaza	1
Malta	2
Gulf of Oman	2
Ankara	7
Aqaba	1
California	3
Panjgur	1
SistanBaluchestan province	1
Islamabad	3
Islamic Republic of Iran	1
RepJayapal	1
RepCori	1
BasedMikeLee	1
Texas	3
Republic of Korea	1
Libya	3
Kosovo	1
Sabra	1
Shatila	3
Kyiv	5
alShifa Hospital	3
Somalia	1
Yemens Red Sea	1
Washingtons	2
Rawaas	1
alMawasi district	2
El Amal City Hospital	2
Ibn Sina Hospital	2
alAhli Arab Hospital	1
Cameroon	1
Iron Dome	1
alAhli	1
Egypts Sinai Peninsula	1
Philadelphi	1
Karem Abu Salem	3
Kerem Shalom	4
Greece	8
Dubai	1
Bab alMandeb	4
Yemens southern coast	1
Riyadh	5
Yaroun	3
Lebanons Nabatieh	1
Yiron	1
Avivim	1
Israels Goren	1
Palestine Martyrs Cemetery	1
Herzegovina	1
Montenegro	1
Silicon Valley	3
Beit Shemesh	1
Santa Clara	1
West Banks	2
Moldova	1
Bern	1
Zurich	1
Netivot	1
IsraelPalestine	2
alDabshah	1
Khirbet Selm	1
Bint Jbeil	1
Ibil El Saqi	1
alTawils	1
alKhader	1
Bekaa Valley	1
Litani River	1
alMazraa Asharqiya	2
Masjid Omar mosque	1
Harvey	1
Tawfiq	1
Road 60	1
New York City	1
Middle East Eye	1
Al Maniya	1
WestBank	2
Thameen Darby	1
Nakba Layer	1
Mercator	1
Alaska	1
South America	2
AsiaPacific	1
Golan Heights	3
Crimea	4
South China Sea	2
Vietnam	1
Kashmir	4
Darbys Nakba	1
Gaza strip	1
Gaza Strips	3
NaksBilal	1
Beit Lahiya	2
alMazraa	1
Mediterranean Sea	2
Ajaq	1
Silwad	1
Ras Issa	1
Hodeidah province	1
Rohtak	6
Haryana	3
Uttar Pradesh	1
Lucknow	1
UP	1
Bihar	4
West Bengal	1
Benarasiyaa	1
Haryanas Panipat	1
Thailand	2
Middle Eastern	3
Haryanas Jind	1
Palestinian Territories	1
Ansarallah	1
Tel Avivs Hostage Square	1
majedalansari	1
Kan	1
West Jerusalem	1
Egypts	1
Bab al	1
Mandeb Strait	1
Lod Airport	1
Ben Gurion International Airport	1
Munich	2
Sidon	3
Salamehs	1
alMajzoubs	1
Tunisia	2
Bir anNaaja	1
Zawayda	1
Beit Hanoon	1
Kamal Adwan Hospital	2
La France	1
At Tur EastJerusalem	1
Mediterraneans	1
Eurasia	1
Via Maris	3
Heliopolis	1
Gazas Great Omari Mosque	1
Jalaa Street	1
alFawakhir	1
Rafah Museum	1
Al Qarara Museum	1
Khan Younis Museum	1
Levant	1
Mathaf alFunduq	1
Mathaf Hotel	1
Qasr AlBasha	1
Pashas Palace	1
Rashad El Shawa Cultural Center	1
Library of the Great Omari Mosque	1
Omari Mosque	1
HMML Reading Room	1
Othman bin Qashqar Mosque	1
Gaza Citys Zeitoun	1
Sayed alHashim Mosque	1
Old City of Gaza	1
Mecca	1
Gazas Daraj	1
Great Omari Mosque	1
AlMasjid alOmari alKabir	1
St John the Baptist Cathedral	1
Byzantine Church of Jabalia	1
Byzantium	1
Monastery of Saint Hilarion	1
Tell Umm Amer	1
Zeitoun	4
Saint Porphyrius	1
Katib alWilaya Mosque	1
Holy Family Church	1
ArdalMoharbeen	1
Roman Necropolis	1
Anthedon	1
Balakhiyah	1
Tida	1
Hammam alSammara	1
Samaritan Bathhouse	1
Israel Museum	1
Tell elAjjul	1
Calves Hill	1
Gizas Great Pyramid	1
Cyprus	9
Khan Younis caravanserai	1
Deir elBalah Cemetery	1
Daraj	1
Ahmadiyyah Zawiya	1
alSabeen Square	1
Seychelles	1
Bab alMandeb strait	3
Maldives	1
Columbia	3
Istanbul	2
Crete	2
Vahdettin Mansion	1
Bureij	2
alMahatta	1
Mozambique	1
Bulgaria	1
Al Jazeeras	1
alMawasi	3
Iraqs	2
Idlib	3
Detroit	1
Southeast Michigan	1
Arab America	1
Jarrah	1
Wayne County	1
Minnesota	1
Des Moines	7
Iowa	12
Cedar Rapids	5
Iowa City	5
South Asia	1
Florida	1
New Yorks Ellis Island	1
Ohio	1
Shujayea	3
Dahiyeb	1
alArouris	1
Aroura	2
alArouri	2
alAqsa Martyrs Hospital	3
alMughraqa	1
alMaghazi	1
Maghazi Roads	1
Deir alBalah	1
Houthi	3
Tower 22	5
Jordans	1
alTanf	1
BaghdadDamascus highway	1
Hashemite Kingdom of Jordan	1
Ain alAssad	1
Dahiya	1
Jamaa Islamiya	2
Westminster Bridge	1
Gazas AlAqsa Hospital	1
Geneva	2
Gaza city	1
Ashdod	2
Karem Abu Salem crossing	1
Hebrew	1
Mackinac Island	1
Great Lakes	1
Lake Michigan	1
Beit Nabala	1
Syrias Damascus	1
Syrias	1
Mazzeh	2
Borj el Barajneh	1
Ain alAsad	1
West Beirut	9
Beiruts Hamra	1
Hamras	1
Hamra	2
West Beirutis	1
Dabbouch	1
East Beirut	1
Israels Haifa	1
Estonia	1
Bab elMandeb strait	1
Maersk Hangzhou	1
Southern Red Sea	1
Africas Cape of Good Hope	1
Eastern Mediterranean	1
BabelMandeb strait	1
Red Sea Port	1
Eilat	2
Dead Sea	1
Eastern Mediterranean region	1
Hamoud	1
Burj alBarajneh	1
Taalbaya	1
Rashidiya	1
Erbil Airport	1
Maroun El Ras	1
Rmeish	1
Port of Ashdod	1
Miraj	1
Tal alHawa	1
zarahsultana	1
Gisha	1
Bani Naim	1
Raanana	1
Sderot	2
Nir Am	1
Mefalsim	1
Hanita	1
Mattat	1
Margaliot	1
Adamit	1
Zarit	1
Malkia	1
Yassins house	1
Daouds house	1
Pentagon	1
Jordan River	1
Alborz	4
Bab alMandab	1
Southern Africa	2
Venezuela	1
Hormuz	1
Arabian Gulf	1
Kanaker	1
Sarit	1
Aleppo	2
TomWhiteGaza	1
Nasser Medical Complex	4
El Amal Hospital	2
Entebbe	1
Central Gaza Strip	2
European Gaza Hospital	1
AlAqsa	1
Al Aqsa Hospital	1
Syrias Golan Heights	1
Kurdistan	1
Panjgur Pakistans Balochistan province	1
RedSea	1
Chinas	2
Walla	2
Rwanda	1
East Timor	1
Kabul	1
azZahra	1
alRashid road	1
Hamad	1
State of Qatar	1
QFFD	1
Melbourne Australia	1
Port of Melbourne	1
Victorian International Container Terminal	1
Melbourne	5
Sandridge Beach	1
ZIM Ganges	5
Australias	1
Port Melbourne	1
Sydney	1
Brisbane	1
northGaza	1
Palestine_UN	1
Taiz province	1
AlBayda	1
Dena	1
Oakland	1
Akrotiri	12
Limassol	1
Pashias	1
Israels Nevatim airbase	1
Anadolu	1
Nevatim	1
Ben Gurion airport	1
Republic of Cyprus	2
Dhekelia	1
USA	2
League of Arab States	1
Palestine Mosque Square	1
Abu Youssef Al Najjar Hospital	1
alSaftawi	1
AlFukhari	1
alAmal	4
alNasser	1
alKatiba	1
Harun arRashid school	1
Block 109	1
Cape Town	2
South Africansfrom	1
Africa4Palestine	1
Western Cape province	1
Paltel	1
Jawwal	1
Salem	1
Copenhagen	1
